Inserted,Hash,number,timestamp,match,txs
Block,0xe40a6709cad9ca92999601e0ab19e343ec00975590d3b17c9f0d3c5817509248,6374059,"2018-09-21 18:48:34 +0000 UTC
",,
,,,,false,0x74437796f0997bb211ef2d62fa15a57e6aa9d30bae8ffbee96cd125df10a3fd3
,,,,false,0xda3c0bc69e9b2d48177c5556e23e6b73120be688ef8aa5166faf4280a9290b7a
,,,,false,0x57605425186d6a27881c5b5b26729c830dae61c6664f2f93de7b175180089857
,,,,false,0x3f4286e83f147d9725e882fa1f2c4c94dc88e23c5c8939aee847c12263ec3ce1
,,,,false,0x854a715e411753f1d683a5f8a92c34fc6fa12517827b55b4c47de41dbde2ef0d
,,,,false,0x2cd8b5bf3fb3ad639d5a7b319d3e74787398143817e0ed6339c944a0e50b253f
,,,,false,"
"
